WhatsApp Image 2026-02-10 at 9.05.10 AM (1).jpeg,4.4883,126.8345
WhatsApp Image 2026-02-10 at 9.05.10 AM.jpeg,4.4879,126.8349
WhatsApp Image 2026-02-10 at 9.05.11 AM (1).jpeg,4.4884,126.8343
WhatsApp Image 2026-02-10 at 9.05.11 AM.jpeg,4.4883,126.8345
WhatsApp Image 2026-02-10 at 9.05.13 AM (1).jpeg,4.4885,126.8340
WhatsApp Image 2026-02-10 at 9.05.13 AM.jpeg,4.4884,126.8343
WhatsApp Image 2026-02-10 at 9.05.15 AM.jpeg,4.4885,126.8341
WhatsApp Image 2026-02-10 at 9.05.16 AM (1).jpeg,4.4886,126.8338
WhatsApp Image 2026-02-10 at 9.05.16 AM.jpeg,4.4886,126.8338
WhatsApp Image 2026-02-10 at 9.05.17 AM.jpeg,4.4887,126.8336
WhatsApp Image 2026-02-10 at 9.05.24 AM.jpeg,4.4894,126.8322
WhatsApp Image 2026-02-10 at 9.06.01 AM (1).jpeg,4.4896,126.8319
WhatsApp Image 2026-02-10 at 9.06.01 AM.jpeg,4.4895,126.8321
WhatsApp Image 2026-02-10 at 9.06.02 AM (1).jpeg,4.4918,126.8298
WhatsApp Image 2026-02-10 at 9.06.02 AM.jpeg,4.4898,126.8317
WhatsApp Image 2026-02-10 at 9.06.09 AM.jpeg,4.4925,126.8292
WhatsApp Image 2026-02-10 at 9.06.10 AM (1).jpeg,4.4994,126.8302
WhatsApp Image 2026-02-10 at 9.06.10 AM.jpeg,4.4950,126.8285
WhatsApp Image 2026-02-10 at 9.06.11 AM.jpeg,4.5030,126.8296
WhatsApp Image 2026-02-10 at 9.06.12 AM.jpeg,4.5044,126.8281
WhatsApp Image 2026-02-10 at 9.06.13 AM.jpeg,4.5043,126.8281
WhatsApp Image 2026-02-10 at 9.06.14 AM (1).jpeg,4.5038,126.8287
WhatsApp Image 2026-02-10 at 9.06.14 AM (2).jpeg,4.5063,126.8246
WhatsApp Image 2026-02-10 at 9.06.14 AM.jpeg,4.5044,126.8282
WhatsApp Image 2026-02-10 at 9.06.15 AM.jpeg,4.5079,126.8230
WhatsApp Image 2026-02-10 at 9.06.16 AM (1).jpeg,4.5082,126.8221
WhatsApp Image 2026-02-10 at 9.06.16 AM.jpeg,4.5079,126.8225
WhatsApp Image 2026-02-10 at 9.06.17 AM (1).jpeg,4.5083,126.8220
WhatsApp Image 2026-02-10 at 9.06.17 AM.jpeg,4.5082,126.8221
WhatsApp Image 2026-02-10 at 9.06.18 AM (1).jpeg,4.5139,126.8139
WhatsApp Image 2026-02-10 at 9.06.18 AM.jpeg,4.5133,126.8140
WhatsApp Image 2026-02-10 at 9.06.19 AM.jpeg,4.5142,126.8139
WhatsApp Image 2026-02-10 at 9.06.20 AM.jpeg,4.5141,126.8139
WhatsApp Image 2026-02-10 at 9.06.21 AM.jpeg,4.5146,126.8139
WhatsApp Image 2026-02-10 at 9.06.22 AM.jpeg,4.5146,126.8138
WhatsApp Image 2026-02-10 at 9.06.23 AM.jpeg,4.5141,126.8139
WhatsApp Image 2026-02-10 at 9.06.24 AM.jpeg,4.5148,126.8138
WhatsApp Image 2026-02-10 at 9.06.26 AM.jpeg,4.5160,126.8138
WhatsApp Image 2026-02-10 at 9.06.27 AM.jpeg,4.5160,126.8138
WhatsApp Image 2026-02-10 at 9.06.28 AM (1).jpeg,4.5162,126.8137
WhatsApp Image 2026-02-10 at 9.06.28 AM.jpeg,4.5160,126.8138
WhatsApp Image 2026-02-10 at 9.06.29 AM.jpeg,4.5161,126.8137
WhatsApp Image 2026-02-10 at 9.06.31 AM.jpeg,4.5163,126.8136
WhatsApp Image 2026-02-10 at 9.06.32 AM.jpeg,4.5163,126.8136
WhatsApp Image 2026-02-10 at 9.06.33 AM.jpeg,4.5145,126.8139
WhatsApp Image 2026-02-10 at 9.06.35 AM (1).jpeg,4.5165,126.8136
WhatsApp Image 2026-02-10 at 9.06.35 AM.jpeg,4.5164,126.8137
WhatsApp Image 2026-02-10 at 9.06.36 AM (1).jpeg,4.5166,126.8136
WhatsApp Image 2026-02-10 at 9.06.36 AM.jpeg,4.5165,126.8136
WhatsApp Image 2026-02-10 at 9.06.37 AM.jpeg,4.5166,126.8136
WhatsApp Image 2026-02-10 at 9.06.38 AM.jpeg,4.5168,126.8136
WhatsApp Image 2026-02-10 at 9.06.39 AM.jpeg,4.5173,126.8135
WhatsApp Image 2026-02-10 at 9.06.40 AM (1).jpeg,4.5181,126.8133
WhatsApp Image 2026-02-10 at 9.06.40 AM.jpeg,4.5173,126.8135
WhatsApp Image 2026-02-10 at 9.06.41 AM.jpeg,4.5183,126.8132
WhatsApp Image 2026-02-10 at 9.07.43 AM.jpeg,4.5202,126.8124
WhatsApp Image 2026-02-10 at 9.07.44 AM (1).jpeg,4.5202,126.8124
WhatsApp Image 2026-02-10 at 9.07.44 AM.jpeg,4.5202,126.8124
WhatsApp Image 2026-02-10 at 9.07.45 AM.jpeg,4.5204,126.8123
WhatsApp Image 2026-02-10 at 9.07.46 AM.jpeg,4.5206,126.8121
WhatsApp Image 2026-02-10 at 9.07.47 AM.jpeg,4.5239,126.8098
WhatsApp Image 2026-02-10 at 9.07.48 AM.jpeg,4.5242,126.8095